Age,Sex,Tobaccofrequency,BMI,Alcoolfrequency,Cancer
18,F,0,25.4014036108527,0,0
25,M,5,29.3275536423276,1,0
30,F,12,24.045525701373965,0.4,0
39,F,0,24.9877911213473,0.2,0
45,M,0,20.755823103580866,0,0
54,M,12,22.2957869611157,0.2,1
60,F,10,21.010774782466303,0.8,1
65,F,3,16.3306911608596,1.5,0
73,M,0,22.36244782216518,2.2,1
80,M,20,32.1066691521269,2,1